종목코드,종목명,진입일,진입가,청산일,청산가,수량,손익률_퍼센트,손익금액_원,청산사유,진입사유
144600,KODEX 은선물(H),2025-09-02,7155.00,2025-09-10,7110.00,209,-0.63,-12303,보유 5일 경과 청산,거래량 2배 급증 + 5.2% 상승
196170,알테오젠,2025-09-02,355000.00,2025-09-10,370384.62,4,+4.33,58649,보유 5일 경과 청산,거래량 2배 급증 + 3.8% 상승
348340,뉴로메카,2025-09-02,14418.09,2025-09-10,14627.05,104,+1.45,18765,보유 5일 경과 청산,거래량 2배 급증 + 4.0% 상승
058610,에스피지,2025-09-03,28400.00,2025-09-04,27200.00,53,-4.23,-66411,손절,거래량 2배 급증 + 7.5% 상승
090360,로보스타,2025-09-03,29450.00,2025-09-11,29850.00,51,+1.36,17431,보유 5일 경과 청산,거래량 2배 급증 + 5.0% 상승
272210,한화시스템,2025-09-03,55700.00,2025-09-08,52000.00,27,-6.64,-102638,손절,거래량 2배 급증 + 6.5% 상승
000100,유한양행,2025-09-09,121200.00,2025-09-17,119000.00,12,-1.82,-29185,보유 5일 경과 청산,거래량 2배 급증 + 2.3% 상승
051910,LG화학,2025-09-10,290500.00,2025-09-18,293500.00,5,+1.03,12138,보유 5일 경과 청산,거래량 2배 급증 + 6.4% 상승
411060,ACE KRX금현물,2025-09-10,23410.00,2025-09-18,24050.00,63,+2.73,37365,보유 5일 경과 청산,거래량 2배 급증 + 3.0% 상승
000990,DB하이텍,2025-09-11,52500.00,2025-09-22,57800.00,28,+10.10,145244,보유 5일 경과 청산,거래량 2배 급증 + 8.6% 상승
042700,한미반도체,2025-09-11,89000.00,2025-09-22,93100.00,16,+4.61,62695,보유 5일 경과 청산,거래량 2배 급증 + 3.9% 상승
240810,원익IPS,2025-09-11,44450.00,2025-09-22,45500.00,33,+2.36,31722,보유 5일 경과 청산,거래량 2배 급증 + 9.2% 상승
267260,HD현대일렉트릭,2025-09-11,568000.00,2025-09-22,592000.00,2,+4.23,45691,보유 5일 경과 청산,거래량 2배 급증 + 8.5% 상승
128940,한미약품,2025-09-17,322500.00,2025-09-26,373500.00,4,+15.81,201087,보유 5일 경과 청산,거래량 2배 급증 + 6.7% 상승
047810,한국항공우주,2025-09-18,112000.00,2025-09-24,106000.00,13,-5.36,-80687,손절,거래량 2배 급증 + 14.8% 상승
066970,엘앤에프,2025-09-18,76000.00,2025-09-29,72500.00,20,-4.61,-72828,보유 5일 경과 청산,거래량 2배 급증 + 9.3% 상승
000100,유한양행,2025-09-23,123200.00,2025-09-26,117500.00,12,-4.63,-71150,20일 평균선 아래로 내려왔습니다,거래량 2배 급증 + 5.8% 상승
058470,리노공업,2025-09-23,54800.00,2025-09-26,50800.00,28,-7.30,-114774,손절,거래량 2배 급증 + 7.4% 상승
403870,HPSP,2025-09-23,35250.00,2025-10-01,34050.00,44,-3.40,-55721,보유 5일 경과 청산,거래량 2배 급증 + 10.0% 상승
068270,셀트리온,2025-09-24,175428.58,2025-10-01,166666.67,8,-4.99,-72695,손절,거래량 2배 급증 + 8.9% 상승
277810,레인보우로보틱스,2025-09-26,322500.00,2025-10-13,318000.00,4,-1.40,-20480,보유 5일 경과 청산,거래량 2배 급증 + 8.9% 상승
144600,KODEX 은선물(H),2025-09-30,8085.00,2025-10-15,8755.00,184,+8.29,120139,보유 5일 경과 청산,거래량 2배 급증 + 4.2% 상승
042700,한미반도체,2025-10-01,97500.00,2025-10-16,141500.00,15,+45.13,655861,보유 5일 경과 청산,거래량 2배 급증 + 5.5% 상승
348340,뉴로메카,2025-10-01,17253.95,2025-10-15,16179.31,85,-6.23,-94026,손절,거래량 2배 급증 + 7.3% 상승
411060,ACE KRX금현물,2025-10-01,27980.00,2025-10-10,27860.00,52,-0.43,-9065,손절,거래량 2배 급증 + 4.8% 상승
005380,현대차,2025-10-10,219000.00,2025-10-13,214500.00,6,-2.05,-29510,20일 평균선 아래로 내려왔습니다,거래량 2배 급증 + 2.1% 상승
005930,삼성전자,2025-10-10,94000.00,2025-10-20,97900.00,15,+4.15,55636,보유 5일 경과 청산,거래량 2배 급증 + 4.4% 상승
240810,원익IPS,2025-10-10,57800.00,2025-10-15,53700.00,25,-7.09,-105118,손절,거래량 2배 급증 + 15.2% 상승
000990,DB하이텍,2025-10-13,56500.00,2025-10-15,56000.00,26,-0.88,-15839,20일 평균선 아래로 내려왔습니다,거래량 2배 급증 + 5.0% 상승
003670,포스코퓨처엠,2025-10-15,172700.00,2025-10-23,208500.00,8,+20.73,283147,보유 5일 경과 청산,거래량 2배 급증 + 5.7% 상승
006400,삼성SDI,2025-10-15,223000.00,2025-10-23,261500.00,6,+17.26,227940,보유 5일 경과 청산,거래량 2배 급증 + 4.5% 상승
086520,에코프로,2025-10-15,50500.00,2025-10-23,87200.00,30,+72.67,1095899,보유 5일 경과 청산,거래량 2배 급증 + 3.7% 상승
247540,에코프로비엠,2025-10-15,125400.00,2025-10-23,165600.00,12,+32.06,478525,보유 5일 경과 청산,거래량 2배 급증 + 5.0% 상승
373220,LG에너지솔루션,2025-10-15,384000.00,2025-10-23,451000.00,3,+17.45,198362,보유 5일 경과 청산,거래량 2배 급증 + 6.9% 상승
052690,한전기술,2025-10-16,98500.00,2025-10-24,109300.00,15,+10.96,158803,보유 5일 경과 청산,거래량 2배 급증 + 9.1% 상승
051910,LG화학,2025-10-20,337500.00,2025-10-28,399000.00,5,+18.22,303610,보유 5일 경과 청산,거래량 2배 급증 + 8.7% 상승
042660,한화오션,2025-10-23,129300.00,2025-10-31,136900.00,15,+5.88,109996,보유 5일 경과 청산,거래량 2배 급증 + 9.7% 상승
064350,현대로템,2025-10-23,230500.00,2025-10-31,228000.00,8,-1.08,-23557,보유 5일 경과 청산,거래량 2배 급증 + 10.9% 상승
010120,LS ELECTRIC,2025-10-24,73100.00,2025-11-03,89800.00,27,+22.85,446172,보유 5일 경과 청산,거래량 2배 급증 + 14.9% 상승
079550,LIG넥스원,2025-10-24,466500.00,2025-11-03,517000.00,4,+10.83,197967,보유 5일 경과 청산,거래량 2배 급증 + 2.3% 상승
267260,HD현대일렉트릭,2025-10-24,750000.00,2025-11-03,892000.00,2,+18.93,280521,보유 5일 경과 청산,거래량 2배 급증 + 8.7% 상승
373220,LG에너지솔루션,2025-10-27,495000.00,2025-11-04,490000.00,4,-1.01,-23822,보유 5일 경과 청산,거래량 2배 급증 + 9.9% 상승
196170,알테오젠,2025-10-28,372307.69,2025-11-05,423846.16,5,+13.84,253560,보유 5일 경과 청산,거래량 2배 급증 + 8.4% 상승
005380,현대차,2025-10-31,273500.00,2025-11-10,266500.00,7,-2.56,-52638,보유 5일 경과 청산,거래량 2배 급증 + 2.7% 상승
272210,한화시스템,2025-10-31,61700.00,2025-11-06,55500.00,34,-10.05,-214480,손절,거래량 2배 급증 + 14.5% 상승
005930,삼성전자,2025-11-03,106900.00,2025-11-06,103700.00,20,-2.99,-68044,손절,거래량 2배 급증 + 3.3% 상승
128940,한미약품,2025-11-03,422500.00,2025-11-11,444000.00,5,+5.09,103171,보유 5일 경과 청산,거래량 2배 급증 + 8.8% 상승
298380,에이비엘바이오,2025-11-03,102100.00,2025-11-11,100000.00,21,-2.06,-48195,보유 5일 경과 청산,거래량 2배 급증 + 7.2% 상승
277810,레인보우로보틱스,2025-11-04,470500.00,2025-11-07,391000.00,4,-16.90,-321050,손절,거래량 2배 급증 + 11.2% 상승
039030,이오테크닉스,2025-11-05,285000.00,2025-11-10,264000.00,7,-7.37,-150604,손절,거래량 2배 급증 + 20.5% 상승
015760,한국전력,2025-11-07,45800.00,2025-11-17,47750.00,44,+4.26,81703,보유 5일 경과 청산,거래량 2배 급증 + 6.0% 상승
073240,금호타이어,2025-11-07,4945.00,2025-11-17,5550.00,413,+12.23,245395,보유 5일 경과 청산,거래량 2배 급증 + 5.1% 상승
000990,DB하이텍,2025-11-11,62100.00,2025-11-19,67200.00,33,+8.21,163976,보유 5일 경과 청산,거래량 2배 급증 + 15.7% 상승
020150,롯데에너지머티리얼즈,2025-11-11,35950.00,2025-11-19,34400.00,58,-4.31,-93791,보유 5일 경과 청산,거래량 2배 급증 + 29.8% 상승
161390,한국타이어앤테크놀로지,2025-11-11,56300.00,2025-11-19,57800.00,37,+2.66,51330,보유 5일 경과 청산,거래량 2배 급증 + 18.5% 상승
086520,에코프로,2025-11-12,95500.00,2025-11-17,91200.00,22,-4.50,-98512,손절,거래량 2배 급증 + 7.1% 상승
000100,유한양행,2025-11-17,125400.00,2025-11-20,117300.00,17,-6.46,-141588,손절,거래량 2배 급증 + 3.1% 상승
141080,리가켐바이오,2025-11-17,172800.00,2025-11-25,171600.00,12,-0.69,-18415,보유 5일 경과 청산,거래량 2배 급증 + 4.5% 상승
298380,에이비엘바이오,2025-11-17,171500.00,2025-11-25,173600.00,12,+1.22,21138,보유 5일 경과 청산,거래량 2배 급증 + 6.5% 상승
058610,에스피지,2025-11-20,37900.00,2025-11-28,51700.00,55,+36.41,753455,보유 5일 경과 청산,거래량 2배 급증 + 26.8% 상승
204320,HL만도,2025-11-20,38900.00,2025-11-28,45150.00,53,+16.07,326584,보유 5일 경과 청산,거래량 2배 급증 + 8.5% 상승
020150,롯데에너지머티리얼즈,2025-11-21,37100.00,2025-12-01,39500.00,56,+6.47,130087,보유 5일 경과 청산,거래량 2배 급증 + 17.1% 상승
058470,리노공업,2025-11-26,65700.00,2025-12-04,65100.00,34,-0.91,-24716,보유 5일 경과 청산,거래량 2배 급증 + 11.9% 상승
326030,SK바이오팜,2025-11-27,142000.00,2025-12-03,135400.00,15,-4.65,-102960,손절,거래량 2배 급증 + 9.1% 상승
058610,에스피지,2025-12-01,60800.00,2025-12-09,72500.00,37,+19.24,427669,보유 5일 경과 청산,거래량 2배 급증 + 26.1% 상승
204320,HL만도,2025-12-01,49500.00,2025-12-09,56900.00,46,+14.95,335296,보유 5일 경과 청산,거래량 2배 급증 + 8.1% 상승
348340,뉴로메카,2025-12-01,18358.44,2025-12-09,18507.70,124,+0.81,14033,보유 5일 경과 청산,거래량 2배 급증 + 11.8% 상승
348370,엔켐,2025-12-01,77000.00,2025-12-05,70100.00,29,-8.96,-204064,손절,거래량 2배 급증 + 16.4% 상승
090360,로보스타,2025-12-04,81200.00,2025-12-08,75100.00,28,-7.51,-174900,손절,거래량 2배 급증 + 7.7% 상승
005380,현대차,2025-12-05,282000.00,2025-12-15,296500.00,8,+5.14,111375,보유 5일 경과 청산,거래량 2배 급증 + 6.4% 상승
012330,현대모비스,2025-12-05,347500.00,2025-12-15,368000.00,6,+5.90,118694,보유 5일 경과 청산,거래량 2배 급증 + 8.8% 상승
086520,에코프로,2025-12-08,99700.00,2025-12-16,110200.00,23,+10.53,236558,보유 5일 경과 청산,거래량 2배 급증 + 5.9% 상승
066970,엘앤에프,2025-12-09,129000.00,2025-12-17,119300.00,18,-7.52,-178787,손절,거래량 2배 급증 + 7.0% 상승
247540,에코프로비엠,2025-12-09,170300.00,2025-12-17,167500.00,14,-1.64,-43773,보유 5일 경과 청산,거래량 2배 급증 + 8.5% 상승
010140,삼성중공업,2025-12-10,26850.00,2025-12-17,25100.00,92,-6.52,-165503,손절,거래량 2배 급증 + 4.4% 상승
047810,한국항공우주,2025-12-15,116300.00,2025-12-17,109600.00,20,-5.76,-138274,손절,거래량 2배 급증 + 5.0% 상승
272210,한화시스템,2025-12-15,52800.00,2025-12-18,48850.00,44,-7.48,-177991,손절,거래량 2배 급증 + 10.5% 상승
348340,뉴로메카,2025-12-16,20985.34,2025-12-17,19045.02,112,-9.25,-221476,손절,거래량 2배 급증 + 2.7% 상승
006260,LS,2025-12-17,197300.00,2025-12-19,186100.00,11,-5.68,-127192,손절,거래량 2배 급증 + 3.1% 상승
145020,휴젤,2025-12-18,246000.00,2025-12-22,236500.00,9,-3.86,-89651,손절,거래량 2배 급증 + 6.7% 상승
058610,에스피지,2025-12-22,86300.00,2026-01-02,80800.00,25,-6.37,-141439,손절,거래량 2배 급증 + 28.3% 상승
079550,LIG넥스원,2025-12-22,425000.00,2025-12-29,397000.00,5,-6.59,-143871,손절,거래량 2배 급증 + 8.6% 상승
272210,한화시스템,2025-12-22,55300.00,2026-01-02,55100.00,39,-0.36,-11990,보유 5일 경과 청산,거래량 2배 급증 + 10.9% 상승
042700,한미반도체,2025-12-23,128100.00,2026-01-05,154900.00,17,+20.92,450465,보유 5일 경과 청산,거래량 2배 급증 + 9.1% 상승
103140,풍산,2025-12-23,107000.00,2026-01-05,108000.00,20,+0.93,15788,보유 5일 경과 청산,거래량 2배 급증 + 4.4% 상승
144600,KODEX 은선물(H),2025-12-23,11805.00,2026-01-05,12480.00,189,+5.72,122975,보유 5일 경과 청산,거래량 2배 급증 + 4.9% 상승
240810,원익IPS,2025-12-29,69200.00,2025-12-30,65400.00,32,-5.49,-125681,손절,거래량 2배 급증 + 7.6% 상승
039030,이오테크닉스,2025-12-30,264500.00,2026-01-09,305000.00,8,+15.31,319242,보유 5일 경과 청산,거래량 2배 급증 + 2.7% 상승
036930,주성엔지니어링,2026-01-05,31850.00,2026-01-13,33450.00,71,+5.02,108969,보유 5일 경과 청산,거래량 2배 급증 + 9.9% 상승
068270,셀트리온,2026-01-05,192857.14,2026-01-13,206666.67,11,+7.16,147472,보유 5일 경과 청산,거래량 2배 급증 + 11.9% 상승
214450,파마리서치,2026-01-05,432000.00,2026-01-13,452500.00,5,+4.75,98088,보유 5일 경과 청산,거래량 2배 급증 + 7.7% 상승
240810,원익IPS,2026-01-05,83000.00,2026-01-06,79500.00,27,-4.22,-98686,손절,거래량 2배 급증 + 17.8% 상승
403870,HPSP,2026-01-05,35250.00,2026-01-08,34250.00,64,-2.84,-68274,손절,거래량 2배 급증 + 2.8% 상승
005930,삼성전자,2026-01-06,135300.00,2026-01-14,137000.00,16,+1.26,22926,보유 5일 경과 청산,거래량 2배 급증 + 7.5% 상승
005380,현대차,2026-01-08,361000.00,2026-01-09,349000.00,6,-3.32,-76083,손절,거래량 2배 급증 + 13.8% 상승
012450,한화에어로스페이스,2026-01-09,1101000.00,2026-01-19,1316000.00,2,+19.53,424868,보유 5일 경과 청산,거래량 2배 급증 + 7.9% 상승
047810,한국항공우주,2026-01-09,145600.00,2026-01-19,160700.00,15,+10.37,221800,보유 5일 경과 청산,거래량 2배 급증 + 4.9% 상승
207940,삼성바이오로직스,2026-01-09,1875000.00,2026-01-19,1927000.00,1,+2.77,48242,보유 5일 경과 청산,거래량 2배 급증 + 6.7% 상승
000880,한화,2026-01-13,125206.04,2026-01-21,157466.09,18,+25.77,575154,보유 5일 경과 청산,거래량 2배 급증 + 4.7% 상승
042660,한화오션,2026-01-13,144500.00,2026-01-21,141400.00,16,-2.15,-54012,보유 5일 경과 청산,거래량 2배 급증 + 8.4% 상승
103140,풍산,2026-01-13,127300.00,2026-01-21,123200.00,18,-3.22,-78124,보유 5일 경과 청산,거래량 2배 급증 + 2.6% 상승
005490,POSCO홀딩스,2026-01-14,352500.00,2026-01-19,334500.00,6,-5.11,-111914,손절,거래량 2배 급증 + 13.9% 상승
145020,휴젤,2026-01-19,244500.00,2026-01-22,228000.00,10,-6.75,-169446,손절,거래량 2배 급증 + 6.4% 상승
196170,알테오젠,2026-01-19,390769.22,2026-01-21,355384.62,6,-9.06,-216466,손절,거래량 2배 급증 + 10.1% 상승
403870,HPSP,2026-01-19,35400.00,2026-01-22,33950.00,70,-4.10,-106134,손절,거래량 2배 급증 + 3.6% 상승
001440,대한전선,2026-01-21,27850.00,2026-01-29,26800.00,85,-3.77,-93692,보유 5일 경과 청산,거래량 2배 급증 + 7.5% 상승
006400,삼성SDI,2026-01-21,316000.00,2026-01-29,397500.00,7,+25.79,565074,보유 5일 경과 청산,거래량 2배 급증 + 3.8% 상승
015760,한국전력,2026-01-21,65300.00,2026-01-26,61600.00,36,-5.67,-137524,손절,거래량 2배 급증 + 16.2% 상승
052690,한전기술,2026-01-21,140300.00,2026-01-29,134400.00,16,-4.21,-98593,보유 5일 경과 청산,거래량 2배 급증 + 8.6% 상승
000270,기아,2026-01-22,172900.00,2026-01-26,156800.00,13,-9.31,-213275,손절,거래량 2배 급증 + 5.0% 상승
005380,현대차,2026-01-22,586000.00,2026-01-23,530000.00,4,-9.56,-228134,손절,거래량 2배 급증 + 14.6% 상승
012330,현대모비스,2026-01-22,497000.00,2026-01-23,447000.00,4,-10.06,-203487,손절,거래량 2배 급증 + 8.1% 상승
051910,LG화학,2026-01-23,359500.00,2026-02-02,312000.00,6,-13.21,-288650,손절,거래량 2배 급증 + 5.9% 상승
005490,POSCO홀딩스,2026-01-26,372000.00,2026-02-02,344000.00,6,-7.53,-172025,손절,거래량 2배 급증 + 2.4% 상승
128940,한미약품,2026-01-26,465500.00,2026-02-03,478000.00,4,+2.69,46272,보유 5일 경과 청산,거래량 2배 급증 + 8.1% 상승
277810,레인보우로보틱스,2026-01-27,650000.00,2026-02-04,764000.00,3,+17.54,337531,보유 5일 경과 청산,거래량 2배 급증 + 26.0% 상승
058470,리노공업,2026-01-29,94000.00,2026-02-06,94400.00,25,+0.43,5398,보유 5일 경과 청산,거래량 2배 급증 + 4.3% 상승
373220,LG에너지솔루션,2026-01-29,435000.00,2026-02-02,392500.00,5,-9.77,-216327,손절,거래량 2배 급증 + 5.5% 상승
403870,HPSP,2026-01-29,46650.00,2026-02-03,44850.00,50,-3.86,-94373,손절,거래량 2배 급증 + 17.2% 상승
348370,엔켐,2026-02-02,93900.00,2026-02-03,86600.00,24,-7.77,-179253,손절,거래량 2배 급증 + 7.7% 상승
001440,대한전선,2026-02-04,30450.00,2026-02-12,31400.00,73,+3.12,64880,보유 5일 경과 청산,거래량 2배 급증 + 15.6% 상승
272210,한화시스템,2026-02-04,124800.00,2026-02-06,103300.00,17,-17.23,-368924,손절,거래량 2배 급증 + 28.6% 상승
018880,한온시스템,2026-02-05,4350.00,2026-02-06,3810.00,519,-12.41,-284116,손절,거래량 2배 급증 + 9.9% 상승
020150,롯데에너지머티리얼즈,2026-02-05,46350.00,2026-02-12,43200.00,48,-6.80,-155244,손절,거래량 2배 급증 + 13.8% 상승
052690,한전기술,2026-02-05,145800.00,2026-02-13,145300.00,15,-0.34,-11750,보유 5일 경과 청산,거래량 2배 급증 + 12.2% 상승
073240,금호타이어,2026-02-10,7000.00,2026-02-23,7120.00,309,+1.71,32790,보유 5일 경과 청산,거래량 2배 급증 + 10.7% 상승
018880,한온시스템,2026-02-11,4855.00,2026-02-13,4350.00,445,-10.40,-228500,손절,거래량 2배 급증 + 17.9% 상승
068270,셀트리온,2026-02-12,227142.86,2026-02-25,237619.05,9,+4.61,90115,보유 5일 경과 청산,거래량 2배 급증 + 5.3% 상승
042700,한미반도체,2026-02-13,205500.00,2026-02-26,233000.00,10,+13.38,270456,보유 5일 경과 청산,거래량 2배 급증 + 10.0% 상승
047810,한국항공우주,2026-02-19,179200.00,2026-02-27,188500.00,11,+5.19,98257,보유 5일 경과 청산,거래량 2배 급증 + 6.8% 상승
018880,한온시스템,2026-02-20,5330.00,2026-02-23,5040.00,391,-5.44,-117233,손절,거래량 2배 급증 + 18.2% 상승
036460,한국가스공사,2026-02-23,45450.00,2026-03-03,44500.00,45,-2.09,-46655,손절,거래량 2배 급증 + 6.4% 상승
042660,한화오션,2026-02-23,148900.00,2026-02-27,143300.00,13,-3.76,-76433,손절,거래량 2배 급증 + 6.6% 상승
001440,대한전선,2026-02-24,34250.00,2026-03-04,29700.00,60,-13.28,-276475,손절,거래량 2배 급증 + 4.1% 상승
006400,삼성SDI,2026-02-25,422000.00,2026-03-05,391000.00,4,-7.35,-127050,손절,거래량 2배 급증 + 7.7% 상승
000270,기아,2026-02-26,197400.00,2026-03-04,167600.00,10,-15.10,-301268,손절,거래량 2배 급증 + 12.7% 상승
051910,LG화학,2026-02-26,387500.00,2026-03-04,343000.00,5,-11.48,-225844,손절,거래량 2배 급증 + 10.6% 상승
042700,한미반도체,2026-02-27,263500.00,2026-03-10,334500.00,8,+26.94,562782,보유 5일 경과 청산,거래량 2배 급증 + 28.4% 상승
403870,HPSP,2026-02-27,42550.00,2026-03-04,42550.00,50,+0.00,-4149,20일 평균선 아래로 내려왔습니다,거래량 2배 급증 + 5.6% 상승
012450,한화에어로스페이스,2026-03-06,1414000.00,2026-03-16,1478000.00,1,+4.53,61118,보유 5일 경과 청산,거래량 2배 급증 + 4.4% 상승
036930,주성엔지니어링,2026-03-06,67000.00,2026-03-10,64900.00,30,-3.13,-66797,손절,거래량 2배 급증 + 24.2% 상승
079550,LIG넥스원,2026-03-06,843000.00,2026-03-10,735000.00,2,-12.81,-218866,손절,거래량 2배 급증 + 23.3% 상승
103140,풍산,2026-03-06,126800.00,2026-03-10,110600.00,16,-12.78,-262651,손절,거래량 2배 급증 + 5.6% 상승
272210,한화시스템,2026-03-09,173100.00,2026-03-10,151500.00,11,-12.48,-240850,손절,거래량 2배 급증 + 5.4% 상승
036930,주성엔지니어링,2026-03-11,70900.00,2026-03-12,65500.00,27,-7.62,-149249,손절,거래량 2배 급증 + 16.9% 상승
010140,삼성중공업,2026-03-13,31200.00,2026-03-17,29300.00,62,-6.09,-121342,손절,거래량 2배 급증 + 7.1% 상승
141080,리가켐바이오,2026-03-16,204000.00,2026-03-24,204500.00,9,+0.25,911,손절,거래량 2배 급증 + 9.4% 상승
403870,HPSP,2026-03-19,48300.00,2026-03-27,43850.00,39,-9.21,-176885,손절,거래량 2배 급증 + 13.5% 상승
036930,주성엔지니어링,2026-03-23,71500.00,2026-03-31,62000.00,26,-13.29,-250143,손절,거래량 2배 급증 + 19.3% 상승
066970,엘앤에프,2026-03-25,128000.00,2026-04-02,148800.00,15,+16.25,307648,보유 5일 경과 청산,거래량 2배 급증 + 11.5% 상승
240810,원익IPS,2026-03-25,135800.00,2026-03-27,119200.00,14,-12.22,-235654,손절,거래량 2배 급증 + 15.9% 상승
348370,엔켐,2026-03-26,46050.00,2026-03-30,39600.00,42,-14.01,-274143,손절,거래량 2배 급증 + 29.9% 상승
196170,알테오젠,2026-03-27,296153.84,2026-03-31,268076.94,6,-9.48,-171598,손절,거래량 2배 급증 + 6.3% 상승
006400,삼성SDI,2026-04-03,451500.00,2026-04-13,476500.00,3,+5.54,72212,보유 5일 경과 청산,거래량 2배 급증 + 2.5% 상승
064350,현대로템,2026-04-03,202000.00,2026-04-13,210500.00,8,+4.21,64716,보유 5일 경과 청산,거래량 2배 급증 + 6.7% 상승
066970,엘앤에프,2026-04-03,166100.00,2026-04-13,186000.00,10,+11.98,195373,보유 5일 경과 청산,거래량 2배 급증 + 9.7% 상승
020150,롯데에너지머티리얼즈,2026-04-07,44800.00,2026-04-15,46900.00,40,+4.69,80342,보유 5일 경과 청산,거래량 2배 급증 + 12.4% 상승
103140,풍산,2026-04-07,108200.00,2026-04-08,100600.00,16,-7.02,-124739,손절,거래량 2배 급증 + 12.9% 상승
051910,LG화학,2026-04-10,359500.00,2026-04-14,346000.00,5,-3.76,-70874,손절,거래량 2배 급증 + 3.0% 상승
090360,로보스타,2026-04-10,62500.00,2026-04-13,58500.00,29,-6.40,-119308,20일 평균선 아래로 내려왔습니다,거래량 2배 급증 + 4.8% 상승
454910,두산로보틱스,2026-04-10,91100.00,2026-04-20,93000.00,20,+2.09,34373,보유 5일 경과 청산,거래량 2배 급증 + 3.2% 상승
001440,대한전선,2026-04-13,31000.00,2026-04-21,40600.00,58,+30.97,552208,보유 5일 경과 청산,거래량 2배 급증 + 4.3% 상승
010120,LS ELECTRIC,2026-04-14,200000.00,2026-04-15,191200.00,9,-4.40,-82556,손절,거래량 2배 급증 + 13.7% 상승
348340,뉴로메카,2026-04-15,39582.59,2026-04-23,40657.23,45,+2.71,44791,보유 5일 경과 청산,거래량 2배 급증 + 14.2% 상승
006260,LS,2026-04-16,342500.00,2026-04-24,375500.00,5,+9.64,161339,보유 5일 경과 청산,거래량 2배 급증 + 13.9% 상승
103590,일진전기,2026-04-16,88200.00,2026-04-24,91400.00,21,+3.63,63457,보유 5일 경과 청산,거래량 2배 급증 + 3.0% 상승
034020,두산에너빌리티,2026-04-17,111600.00,2026-04-27,130300.00,17,+16.76,313581,보유 5일 경과 청산,거래량 2배 급증 + 6.3% 상승
020150,롯데에너지머티리얼즈,2026-04-20,53200.00,2026-04-28,68000.00,34,+27.82,498692,보유 5일 경과 청산,거래량 2배 급증 + 8.3% 상승
000990,DB하이텍,2026-04-21,123700.00,2026-04-29,149300.00,15,+20.70,379633,보유 5일 경과 청산,거래량 2배 급증 + 18.5% 상승
373220,LG에너지솔루션,2026-04-22,491500.00,2026-04-24,473000.00,3,-3.76,-58267,손절,거래량 2배 급증 + 11.4% 상승
079550,LIG넥스원,2026-04-23,993000.00,2026-04-29,954000.00,2,-3.93,-81721,손절,거래량 2배 급증 + 12.2% 상승
010140,삼성중공업,2026-04-24,35050.00,2026-04-30,33350.00,59,-4.85,-104137,손절,거래량 2배 급증 + 6.9% 상승
403870,HPSP,2026-04-24,51600.00,2026-05-06,56200.00,40,+8.91,179616,보유 5일 경과 청산,거래량 2배 급증 + 6.2% 상승
214450,파마리서치,2026-04-27,333000.00,2026-05-04,330000.00,6,-0.90,-21861,손절,거래량 2배 급증 + 4.2% 상승
042700,한미반도체,2026-04-28,367000.00,2026-05-08,385000.00,5,+4.90,86246,보유 5일 경과 청산,거래량 2배 급증 + 26.4% 상승
005380,현대차,2026-04-29,565000.00,2026-05-04,545000.00,3,-3.54,-63188,손절,거래량 2배 급증 + 5.9% 상승
005490,POSCO홀딩스,2026-04-29,477000.00,2026-05-11,521000.00,4,+9.22,171936,보유 5일 경과 청산,거래량 2배 급증 + 11.7% 상승
018880,한온시스템,2026-04-29,4400.00,2026-05-11,4850.00,469,+10.23,206614,보유 5일 경과 청산,거래량 2배 급증 + 3.3% 상승
001440,대한전선,2026-04-30,51700.00,2026-05-12,71100.00,39,+37.52,751193,보유 5일 경과 청산,거래량 2배 급증 + 11.5% 상승
058470,리노공업,2026-05-04,122500.00,2026-05-08,111500.00,17,-8.98,-190696,손절,거래량 2배 급증 + 6.4% 상승
012450,한화에어로스페이스,2026-05-06,1473000.00,2026-05-07,1412000.00,1,-4.14,-63753,20일 평균선 아래로 내려왔습니다,거래량 2배 급증 + 3.4% 상승
020150,롯데에너지머티리얼즈,2026-05-06,80000.00,2026-05-08,71500.00,27,-10.62,-233264,손절,거래량 2배 급증 + 17.7% 상승
068270,셀트리온,2026-05-08,194285.72,2026-05-12,181714.28,11,-6.47,-142184,손절,거래량 2배 급증 + 4.0% 상승
247540,에코프로비엠,2026-05-08,235500.00,2026-05-12,223500.00,9,-5.10,-111922,손절,거래량 2배 급증 + 3.1% 상승
005380,현대차,2026-05-11,631000.00,2026-05-19,661000.00,3,+4.75,86133,보유 5일 경과 청산,거래량 2배 급증 + 7.2% 상승
145020,휴젤,2026-05-11,292500.00,2026-05-19,260500.00,7,-10.94,-227556,손절,거래량 2배 급증 + 12.3% 상승
214450,파마리서치,2026-05-11,341500.00,2026-05-13,314000.00,6,-8.05,-168674,손절,거래량 2배 급증 + 2.6% 상승
277810,레인보우로보틱스,2026-05-11,786000.00,2026-05-19,741000.00,2,-5.73,-92890,손절,거래량 2배 급증 + 12.5% 상승
000270,기아,2026-05-12,175700.00,2026-05-19,161700.00,12,-7.97,-171784,손절,거래량 2배 급증 + 6.2% 상승
012330,현대모비스,2026-05-12,595000.00,2026-05-13,564000.00,3,-5.21,-96299,손절,거래량 2배 급증 + 8.6% 상승
204320,HL만도,2026-05-12,63800.00,2026-05-13,59400.00,34,-6.90,-153538,손절,거래량 2배 급증 + 3.7% 상승
128940,한미약품,2026-05-13,463000.00,2026-05-19,432000.00,4,-6.70,-127370,손절,거래량 2배 급증 + 7.3% 상승
141080,리가켐바이오,2026-05-13,207000.00,2026-05-15,198200.00,10,-4.25,-91865,손절,거래량 2배 급증 + 10.5% 상승
196170,알테오젠,2026-05-13,270769.22,2026-05-19,276923.06,7,+2.27,39297,20일 평균선 아래로 내려왔습니다,거래량 2배 급증 + 5.2% 상승
000100,유한양행,2026-05-15,90200.00,2026-05-19,82500.00,24,-8.54,-188661,손절,거래량 2배 급증 + 5.5% 상승
090360,로보스타,2026-05-22,86400.00,2026-05-28,81700.00,22,-5.44,-106905,손절,거래량 2배 급증 + 27.5% 상승
036930,주성엔지니어링,2026-05-26,229000.00,2026-05-29,215000.00,8,-6.11,-115354,손절,거래량 2배 급증 + 21.0% 상승
086520,에코프로,2026-05-26,151300.00,2026-05-28,147800.00,13,-2.31,-49247,손절,거래량 2배 급증 + 12.9% 상승
042660,한화오션,2026-05-27,134000.00,2026-05-29,126700.00,14,-5.45,-105659,손절,거래량 2배 급증 + 10.2% 상승
403870,HPSP,2026-05-27,61900.00,2026-05-28,55000.00,31,-11.15,-217225,손절,거래량 2배 급증 + 9.9% 상승
066970,엘앤에프,2026-05-29,167500.00,2026-06-02,152800.00,11,-8.78,-164978,손절,거래량 2배 급증 + 13.0% 상승
373220,LG에너지솔루션,2026-05-29,444500.00,2026-06-05,422500.00,4,-4.95,-91296,손절,거래량 2배 급증 + 15.3% 상승
051910,LG화학,2026-06-01,364500.00,2026-06-09,323500.00,5,-11.25,-208154,손절,거래량 2배 급증 + 6.5% 상승
090360,로보스타,2026-06-01,122200.00,2026-06-10,111100.00,15,-9.08,-169750,보유 5일 경과 청산,거래량 2배 급증 + 21.0% 상승
161390,한국타이어앤테크놀로지,2026-06-01,66800.00,2026-06-10,72000.00,28,+7.78,141669,보유 5일 경과 청산,거래량 2배 급증 + 6.0% 상승
020150,롯데에너지머티리얼즈,2026-06-02,75600.00,2026-06-04,67300.00,25,-10.98,-210781,손절,거래량 2배 급증 + 14.6% 상승
128940,한미약품,2026-06-02,553000.00,2026-06-04,508000.00,3,-8.14,-137972,손절,거래량 2배 급증 + 9.8% 상승
348370,엔켐,2026-06-04,37500.00,2026-06-08,31800.00,49,-15.20,-282338,손절,거래량 2배 급증 + 4.1% 상승
454910,두산로보틱스,2026-06-04,155700.00,2026-06-08,140500.00,11,-9.76,-170214,손절,거래량 2배 급증 + 20.4% 상승
403870,HPSP,2026-06-10,55900.00,2026-06-11,51900.00,30,-7.16,-123036,손절,거래량 2배 급증 + 20.9% 상승
036930,주성엔지니어링,2026-06-12,267500.00,2026-06-15,237500.00,6,-11.21,-182779,손절,거래량 2배 급증 + 23.4% 상승
039030,이오테크닉스,2026-06-12,507000.00,2026-06-22,492000.00,3,-2.96,-47878,보유 5일 경과 청산,거래량 2배 급증 + 15.1% 상승
240810,원익IPS,2026-06-12,163100.00,2026-06-22,150400.00,10,-7.79,-129933,보유 5일 경과 청산,거래량 2배 급증 + 20.8% 상승
403870,HPSP,2026-06-12,57300.00,2026-06-22,55100.00,29,-3.84,-66916,보유 5일 경과 청산,거래량 2배 급증 + 3.6% 상승
000990,DB하이텍,2026-06-15,175000.00,2026-06-16,164800.00,10,-5.83,-105214,손절,거래량 2배 급증 + 12.3% 상승
042700,한미반도체,2026-06-15,365000.00,2026-06-17,325000.00,4,-10.96,-162535,손절,거래량 2배 급증 + 24.1% 상승
058470,리노공업,2026-06-15,107000.00,2026-06-16,98000.00,16,-8.41,-147058,손절,거래량 2배 급증 + 4.7% 상승
267260,HD현대일렉트릭,2026-06-15,1132000.00,2026-06-23,1055000.00,1,-6.80,-79057,손절,거래량 2배 급증 + 9.4% 상승
204320,HL만도,2026-06-16,72200.00,2026-06-22,64400.00,24,-10.80,-190214,손절,거래량 2배 급증 + 8.6% 상승
079550,LIG넥스원,2026-06-17,997000.00,2026-06-19,870000.00,1,-12.74,-128696,손절,거래량 2배 급증 + 18.6% 상승
272210,한화시스템,2026-06-17,107000.00,2026-06-19,94400.00,15,-11.78,-191761,손절,거래량 2배 급증 + 6.9% 상승
010120,LS ELECTRIC,2026-06-22,254500.00,2026-06-23,251000.00,5,-1.38,-19947,20일 평균선 아래로 내려왔습니다,거래량 2배 급증 + 7.0% 상승
214450,파마리서치,2026-06-26,318500.00,2026-07-06,341500.00,4,+7.22,89336,보유 5일 경과 청산,거래량 2배 급증 + 5.9% 상승
073240,금호타이어,2026-06-29,5670.00,2026-06-30,5080.00,258,-10.41,-154776,손절,거래량 2배 급증 + 11.4% 상승
086520,에코프로,2026-06-30,118100.00,2026-07-01,99400.00,12,-15.83,-226726,손절,거래량 2배 급증 + 23.7% 상승
141080,리가켐바이오,2026-06-30,160900.00,2026-07-01,153100.00,9,-4.85,-72887,손절,거래량 2배 급증 + 14.0% 상승
039030,이오테크닉스,2026-07-01,493500.00,2026-07-02,425500.00,2,-13.78,-137659,손절,거래량 2배 급증 + 4.3% 상승
036930,주성엔지니어링,2026-07-02,226000.00,2026-07-06,194000.00,6,-14.16,-194270,손절,거래량 2배 급증 + 20.4% 상승
042660,한화오션,2026-07-07,92800.00,2026-07-08,89500.00,14,-3.56,-48643,20일 평균선 아래로 내려왔습니다,거래량 2배 급증 + 8.6% 상승
073240,금호타이어,2026-07-07,6580.00,2026-07-10,6300.00,205,-4.26,-59918,손절,거래량 2배 급증 + 30.0% 상승
058610,에스피지,2026-07-10,71500.00,2026-07-15,68300.00,18,-4.48,-59997,손절,거래량 2배 급증 + 8.8% 상승
073240,금호타이어,2026-07-13,7630.00,2026-07-14,7000.00,175,-8.26,-112639,손절,거래량 2배 급증 + 30.0% 상승
042700,한미반도체,2026-07-16,263000.00,2026-07-20,237000.00,4,-9.89,-105849,손절,거래량 2배 급증 + 29.9% 상승
348370,엔켐,2026-07-20,20900.00,2026-07-22,19980.00,61,-4.40,-58497,손절,거래량 2배 급증 + 9.6% 상승
277810,레인보우로보틱스,2026-07-22,503000.00,2026-07-27,440000.00,2,-12.52,-127716,손절,거래량 2배 급증 + 9.7% 상승
058610,에스피지,2026-07-23,90300.00,2026-07-24,82700.00,14,-8.42,-108658,손절,거래량 2배 급증 + 25.2% 상승
090360,로보스타,2026-07-23,69200.00,2026-07-27,63300.00,18,-8.53,-108422,손절,거래량 2배 급증 + 12.4% 상승
108490,로보티즈,2026-07-23,228000.00,2026-07-24,210500.00,5,-7.68,-89552,손절,거래량 2배 급증 + 11.4% 상승
348340,뉴로메카,2026-07-23,20400.00,2026-07-27,18500.00,63,-9.31,-121973,손절,거래량 2배 급증 + 4.4% 상승
454910,두산로보틱스,2026-07-23,69200.00,2026-07-27,65100.00,18,-5.92,-76085,손절,거래량 2배 급증 + 5.8% 상승
103140,풍산,2026-07-27,67900.00,2026-07-28,62000.00,17,-8.69,-102355,손절,거래량 2배 급증 + 4.8% 상승
058610,에스피지,2026-07-30,85400.00,2026-07-31,80200.00,13,-6.09,-69633,손절,거래량 2배 급증 + 20.3% 상승
214450,파마리서치,2026-07-30,386500.00,2026-07-31,343500.00,3,-11.13,-131009,손절,거래량 2배 급증 + 4.1% 상승
277810,레인보우로보틱스,2026-07-30,418000.00,2026-07-31,401000.00,2,-4.07,-35564,손절,거래량 2배 급증 + 2.5% 상승
068270,셀트리온,2026-07-31,189200.00,2026-08-10,197700.00,6,+4.49,48687,보유 5일 경과 청산,거래량 2배 급증 + 5.6% 상승
042700,한미반도체,2026-08-03,209500.00,2026-08-04,208500.00,5,-0.48,-7033,20일 평균선 아래로 내려왔습니다,거래량 2배 급증 + 28.0% 상승
058610,에스피지,2026-08-03,100600.00,2026-08-11,112300.00,11,+11.63,126291,보유 5일 경과 청산,거래량 2배 급증 + 23.2% 상승
073240,금호타이어,2026-08-03,7100.00,2026-08-04,6590.00,159,-7.18,-83133,손절,거래량 2배 급증 + 19.9% 상승
103140,풍산,2026-08-03,70000.00,2026-08-11,85600.00,16,+22.29,246929,보유 5일 경과 청산,거래량 2배 급증 + 18.9% 상승
090360,로보스타,2026-08-04,65700.00,2026-08-12,81500.00,17,+24.05,265898,보유 5일 경과 청산,거래량 2배 급증 + 6.4% 상승
108490,로보티즈,2026-08-04,214000.00,2026-08-12,241500.00,5,+12.85,135145,보유 5일 경과 청산,거래량 2배 급증 + 17.2% 상승
348340,뉴로메카,2026-08-05,22300.00,2026-08-07,20500.00,52,-8.07,-95679,손절,거래량 2배 급증 + 13.7% 상승
145020,휴젤,2026-08-07,273500.00,2026-08-18,253000.00,4,-7.50,-83973,손절,거래량 2배 급증 + 7.3% 상승
066970,엘앤에프,2026-08-10,90000.00,2026-08-19,101000.00,13,+12.22,140440,보유 5일 경과 청산,거래량 2배 급증 + 13.0% 상승
348370,엔켐,2026-08-11,26950.00,2026-08-12,24900.00,47,-7.61,-98632,손절,거래량 2배 급증 + 12.3% 상승
090360,로보스타,2026-08-13,86400.00,2026-08-21,78500.00,14,-9.14,-112743,손절,거래량 2배 급증 + 2.9% 상승
103590,일진전기,2026-08-13,74200.00,2026-08-21,68200.00,16,-8.09,-98128,손절,거래량 2배 급증 + 17.3% 상승
073240,금호타이어,2026-08-14,8210.00,2026-08-19,7430.00,150,-9.50,-119173,손절,거래량 2배 급증 + 9.7% 상승
348340,뉴로메카,2026-08-18,22500.00,2026-08-19,20450.00,55,-9.11,-114943,손절,거래량 2배 급증 + 10.3% 상승
403870,HPSP,2026-08-20,45950.00,2026-08-28,50100.00,25,+9.03,101308,보유 5일 경과 청산,거래량 2배 급증 + 7.2% 상승
128940,한미약품,2026-08-25,550000.00,2026-08-26,527000.00,2,-4.18,-48055,손절,거래량 2배 급증 + 30.0% 상승
103140,풍산,2026-08-26,86800.00,2026-08-27,83000.00,13,-4.38,-51504,손절,거래량 2배 급증 + 6.6% 상승
