trade_date,equity,cash,positions
2025-09-01,10000000.0,10000000.0,0
2025-09-02,10065519.440377735,5584461.120065235,3
2025-09-03,9923406.415690234,1072734.4625652342,6
2025-09-04,9920128.241002735,2511523.342565234,5
2025-09-05,9878278.498815235,2511523.342565234,5
2025-09-08,9879433.948815234,3912785.542565234,4
2025-09-09,9846244.320065234,2458167.382565234,5
2025-09-10,9862992.017841795,4010387.0178417955,4
2025-09-11,9846363.907841794,32093.907841795124,7
2025-09-12,9944533.907841794,32093.907841795124,7
2025-09-15,9991788.907841794,32093.907841795124,7
2025-09-16,10150358.907841794,32093.907841795124,7
2025-09-17,10086355.807841795,167115.8078417948,7
2025-09-18,10245453.240341794,167503.24034179468,7
2025-09-19,10245453.240341794,167503.24034179468,7
2025-09-22,10356205.915341794,5949705.9153417945,3
2025-09-23,10290821.345341794,1385221.3453417937,6
2025-09-24,10268904.606048044,1356895.1060480436,6
2025-09-25,10113723.731048044,1356895.1060480436,6
2025-09-26,9940855.626048043,4384665.126048043,4
2025-09-29,9944999.501048043,5831837.626048043,3
2025-09-30,9882957.355048044,4343974.480048044,4
2025-10-01,9803403.523739254,2785283.074520504,5
2025-10-02,9806504.54912988,2785283.074520504,5
2025-10-10,10297125.152161129,61552.72052050405,7
2025-10-13,10420535.777551753,1146342.320520504,6
2025-10-14,10151828.707239253,1146342.320520504,6
2025-10-15,10484789.751589838,27289.75158983865,7
2025-10-16,11243429.251589838,667929.2515898382,7
2025-10-17,12115929.251589838,667929.2515898382,7
2025-10-20,12305412.551589837,445812.551589838,7
2025-10-21,12433412.551589837,445812.551589838,7
2025-10-22,13164212.551589837,445812.551589838,7
2025-10-23,13304518.286589837,5837018.286589837,4
2025-10-24,13531720.306589836,2132820.306589836,6
2025-10-27,13813023.306589836,152523.30658983556,7
2025-10-28,13799384.60707421,281815.3883242102,7
2025-10-29,13970546.16957421,281815.3883242102,7
2025-10-30,14205500.07582421,281815.3883242102,7
2025-10-31,14141298.51207421,138852.41832420975,7
2025-11-03,14492592.295824207,7653.858324208297,7
2025-11-04,14809987.995824208,81549.55832420802,7
2025-11-05,14163648.58955077,201348.58955077012,7
2025-11-06,14046524.63955077,4154624.63955077,5
2025-11-07,13671311.21680077,1657481.2168007693,6
2025-11-10,13956939.891800769,5363739.891800769,4
2025-11-11,14425813.266800769,3456883.2668007687,5
2025-11-12,14661098.116800768,1355568.1168007683,6
2025-11-13,14616558.116800768,1355568.1168007683,6
2025-11-14,14278258.116800768,1355568.1168007683,6
2025-11-17,14499199.484300768,1478299.484300768,6
2025-11-18,14029599.484300768,1478299.484300768,6
2025-11-19,13908914.254300768,7817314.254300768,3
2025-11-20,14355803.829300769,5660703.829300769,4
2025-11-21,14795042.189300768,3582792.1893007685,5
2025-11-24,14744892.189300768,3582792.1893007685,5
2025-11-25,14904064.509300768,7717114.509300768,3
2025-11-26,14775829.439300768,5482979.439300768,4
2025-11-27,14866309.939300768,3352659.939300768,5
2025-11-28,15187698.861800767,8578898.861800767,3
2025-12-01,15112885.289165609,1749183.3204156086,6
2025-12-02,15159733.000103109,1749183.3204156086,6
2025-12-03,15129960.28447811,3776222.8704156084,5
2025-12-04,15194209.247290608,3711365.7004156085,5
2025-12-05,15674010.989165608,1398650.3954156076,6
2025-12-08,16453184.962603107,1203905.9704156076,6
2025-12-09,16327244.535154277,4077044.535154278,5
2025-12-10,16100674.005154278,1606474.0051542777,6
2025-12-11,15820674.005154278,1606474.0051542777,6
2025-12-12,16040474.005154278,1606474.0051542777,6
2025-12-15,15810445.625154277,1527645.6251542773,6
2025-12-16,14940174.476444902,1706592.538944902,6
2025-12-17,14892412.01085584,10640912.01085584,2
2025-12-18,14690988.58085584,10571788.58085584,2
2025-12-19,14711896.73585584,12614896.73585584,1
2025-12-22,14886780.28085584,8299080.28085584,3
2025-12-23,14777542.95410584,1749252.9541058396,6
2025-12-24,14657017.95410584,1749252.9541058396,6
2025-12-26,14776952.95410584,1749252.9541058396,6
2025-12-29,14833030.044105839,1515650.0441058394,6
2025-12-30,14496296.68410584,1488051.684105839,6
2026-01-02,14916657.32910584,5648822.329105839,4
2026-01-05,15156523.313948805,1745461.376448805,6
2026-01-06,15715029.528323805,1722650.981448805,6
2026-01-07,15137427.106448805,1722650.981448805,6
2026-01-08,15517230.228323804,1744051.6814488047,6
2026-01-09,15861504.622073803,7271.231448804028,7
2026-01-12,15640676.075198803,7271.231448804028,7
2026-01-13,16196077.418781616,46441.32503161533,7
2026-01-14,16584144.487531615,118849.67503161542,7
2026-01-15,17270531.612531617,118849.67503161542,7
2026-01-16,16529830.581281615,118849.67503161542,7
2026-01-19,16479791.29523474,1809140.0452347398,6
2026-01-20,16333620.95148474,1809140.0452347398,6
2026-01-21,15886390.195231615,2061190.1952316142,6
2026-01-22,15845173.065231614,127923.06523161381,7
2026-01-23,15467078.915231613,1870978.9152316134,6
2026-01-26,15350665.615231613,2024065.6152316127,6
2026-01-27,15311823.115231613,73773.11523161246,7
2026-01-28,15839673.115231613,73773.11523161246,7
2026-01-29,15556583.235231614,412083.23523161374,7
2026-01-30,15442583.235231614,412083.23523161374,7
2026-02-02,14529143.120231614,4045143.1202316135,5
2026-02-03,14948888.965231612,10265888.965231612,2
2026-02-04,15199817.897731612,8208317.8977316115,3
2026-02-05,14741737.48023161,1537867.4802316101,6
2026-02-06,14245525.174731608,7619475.174731609,3
2026-02-09,14370125.174731608,7619475.174731609,3
2026-02-10,14365090.72473161,5456150.724731609,4
2026-02-11,14189396.65348161,3295351.653481609,5
2026-02-12,14013781.700621452,5608045.966246453,4
2026-02-13,13891053.025621453,7659962.978746453,3
2026-02-19,13907031.564371454,5688467.298746454,4
2026-02-20,13752255.381746452,3604124.6942464532,5
2026-02-23,13764721.850871453,3785164.6477464526,5
2026-02-24,13865006.444621453,1729856.3977464524,6
2026-02-25,13917504.405348796,2176004.4053487955,6
2026-02-26,14334774.180348795,589374.1803487954,7
2026-02-27,15132962.875348795,281962.8753487952,7
2026-03-03,13879558.000348795,2280558.000348795,6
2026-03-04,13042822.025348794,9566822.025348794,2
2026-03-05,13647772.225348793,11127772.225348793,1
2026-03-06,13757101.405348793,3987901.4053487927,5
2026-03-09,12961815.790348792,2083515.7903487924,6
2026-03-10,13049034.045348791,11594034.045348791,1
2026-03-11,12898446.900348792,9679446.900348792,2
2026-03-12,12909498.325348793,11444498.325348793,1
2026-03-13,12901208.165348792,9509808.165348792,2
2026-03-16,12740150.665348792,9148650.665348792,2
2026-03-17,12851708.295348793,10961708.295348793,1
2026-03-18,12860708.295348793,10961708.295348793,1
2026-03-19,12893125.740348794,9077725.740348794,2
2026-03-20,12991525.740348794,9077725.740348794,2
2026-03-23,12721546.890348794,7218446.890348794,3
2026-03-24,12969007.915348794,9055357.915348794,2
2026-03-25,13092534.735348795,5233584.735348795,4
2026-03-26,12691844.620348794,3299194.6203487944,5
2026-03-27,12467527.691889418,4894366.066889418,4
2026-03-30,12198176.701889418,6554322.826889418,3
2026-03-31,11927004.551720668,9768504.551720668,1
2026-04-01,11978004.551720668,9768504.551720668,1
2026-04-02,11996152.151720667,11996152.151720667,0
2026-04-03,12023457.426720666,7363957.426720666,3
2026-04-06,12118457.426720666,7363957.426720666,3
2026-04-07,12201328.946720665,3840228.946720665,5
2026-04-08,12158190.226720665,5446690.226720665,4
2026-04-09,12125690.226720665,5446690.226720665,4
2026-04-10,12275075.426720664,13875.426720664138,7
2026-04-13,12084599.226720665,4872599.226720665,4
2026-04-14,11986055.726720665,4798955.726720665,4
2026-04-15,12579809.82330172,6607258.2412704695,3
2026-04-16,12646046.21205172,3042023.5362704694,5
2026-04-17,12374668.85861422,1144538.9562704694,6
2026-04-20,12493042.726114219,1191840.6362704693,6
2026-04-21,12785431.369239219,1686270.4512704695,6
2026-04-22,13088518.33877047,211549.27627046942,7
2026-04-23,13481359.075390587,51259.0753905864,7
2026-04-24,14024118.277890587,1124418.2778905865,6
2026-04-27,14060849.132890586,1336899.1328905867,6
2026-04-28,13896265.482890587,1809115.4828905866,6
2026-04-29,13670072.867890587,281077.86789058684,7
2026-04-30,13673858.505390586,228288.50539058633,7
2026-05-04,14522976.880390586,1753426.880390586,6
2026-05-06,15132488.330390586,363498.3303905856,7
2026-05-07,14603244.930390585,1772744.9303905857,6
2026-05-08,14628055.202704648,3255249.0777046476,5
2026-05-11,14495360.641454648,42765.485204647994,7
2026-05-12,13928185.837621834,749285.8376218346,7
2026-05-13,14164871.091192147,515717.2786921472,7
2026-05-14,14299494.184942147,515717.2786921472,7
2026-05-15,13983150.752442148,328727.6586921471,7
2026-05-18,13246827.658692148,328727.6586921471,7
2026-05-19,13178982.141389022,13178982.141389022,0
2026-05-20,13178982.141389022,13178982.141389022,0
2026-05-21,13178982.141389022,13178982.141389022,0
2026-05-22,13156697.021389022,11277897.021389022,1
2026-05-26,13135427.186389022,7478427.186389022,3
2026-05-27,12754457.951389022,3682957.9513890212,5
2026-05-28,12498981.541389022,9096181.541389022,2
2026-05-29,12645425.556389023,8962125.556389023,2
2026-06-01,12534496.671389021,3435396.671389022,5
2026-06-02,12648286.761389023,1563386.7613890222,6
2026-06-04,12270001.556389023,1212901.5563890217,6
2026-06-05,11930056.056389023,2899606.0563890217,5
2026-06-08,11563253.84138902,5997253.841389021,3
2026-06-09,11421099.71638902,7611599.716389021,2
2026-06-10,11202667.29138902,9609667.29138902,1
2026-06-11,11163631.14138902,11163631.14138902,0
2026-06-12,11872468.33638902,4743968.336389019,4
2026-06-15,11613581.486389019,111281.48638901906,7
2026-06-16,10830250.36638902,1587950.3663890187,6
2026-06-17,10668325.066389019,283025.0663890182,7
2026-06-18,10225325.066389019,283025.0663890182,7
2026-06-19,9906667.366389018,2564567.3663890185,5
2026-06-22,9661435.666389018,7403435.666389018,2
2026-06-23,9708931.166389018,9708931.166389018,0
2026-06-24,9708931.166389018,9708931.166389018,0
2026-06-25,9708931.166389018,9708931.166389018,0
2026-06-26,9730740.066389019,8434740.066389019,1
2026-06-29,9740220.63738902,6971660.637389018,2
2026-06-30,9494315.094389018,5414015.094389019,3
2026-07-01,9328554.179389019,6992554.179389019,2
2026-07-02,9292691.329389017,6485691.329389018,2
2026-07-03,9005291.329389017,6485691.329389018,2
2026-07-06,9010757.829389017,9010757.829389017,0
2026-07-07,8917110.614389017,6362260.614389017,2
2026-07-08,8924817.264389018,7612817.264389018,1
2026-07-09,8842817.264389018,7612817.264389018,1
2026-07-10,8946605.789389018,7614605.789389017,1
2026-07-13,8772355.501889016,6279155.5018890165,2
2026-07-14,8693366.751889016,7501766.7518890165,1
2026-07-15,8728769.421889016,8728769.421889016,0
2026-07-16,8646611.621889018,7676611.621889017,1
2026-07-20,8560351.786889017,7347671.786889016,1
2026-07-21,8553641.786889017,7347671.786889016,1
2026-07-22,8514924.265889015,7557924.265889015,1
2026-07-23,8346897.21690464,1376397.1758890154,6
2026-07-24,7800387.04987339,3582387.0908890152,4
2026-07-27,7864118.380889015,6776118.380889015,1
2026-07-28,7828063.080889015,7828063.080889015,0
2026-07-29,7828063.080889015,7828063.080889015,0
2026-07-30,7510297.225889015,4721897.225889015,3
2026-07-31,7576220.500889014,6456020.500889014,1
2026-08-03,7499100.050889014,2052360.0508890145,5
2026-08-04,7740065.911389014,1951365.9113890142,5
2026-08-05,8056091.971389014,791591.971389014,6
2026-08-06,8060631.971389014,791591.971389014,6
2026-08-07,8135649.1713890135,761349.171389014,6
2026-08-10,8461560.581389014,775060.5813890139,6
2026-08-11,8337691.028889013,2108041.028889014,5
2026-08-12,8230202.593889014,5864002.593889014,2
2026-08-13,8213043.073889013,3466843.0738890134,4
2026-08-14,8297658.348889014,2235158.3488890133,5
2026-08-18,8014299.323889013,2007499.3238890131,5
2026-08-19,7848222.436389013,5552822.436389013,2
2026-08-20,7862100.123889013,4403900.123889013,3
2026-08-21,7712329.2338890135,6589829.2338890135,1
2026-08-24,7688579.2338890135,6589829.2338890135,1
2026-08-25,7700020.741139013,3266045.7411390133,4
2026-08-26,7745949.416139013,1043999.4161390134,6
2026-08-27,7928409.366139013,1080739.3661390133,6
2026-08-28,7995261.608639013,27901.608639013022,7
