주,신호수,평균섹터강도,N1_평균수익률,N2_평균수익률,N3_평균수익률,N5_평균수익률,N7_평균수익률,N10_평균수익률,N15_평균수익률,N20_평균수익률,최고였던_보유일수
2020-06주,9,9.494,0.892,4.349,4.123,6.419,8.798,6.961,2.968,0.604,7
2020-07주,7,10.276,-0.497,1.245,-0.608,-1.977,-2.876,-3.616,-5.173,-5.173,2
2020-08주,4,4.882,-2.284,-3.828,-6.289,-7.18,-7.18,-7.18,-7.18,-7.18,1
2020-10주,3,11.387,2.916,-3.763,-2.576,-8.943,-8.943,-8.943,-8.943,-8.943,1
2020-13주,3,10.313,1.746,2.258,0.901,9.79,6.703,12.546,13.93,11.863,15
2020-14주,4,-3.27,-5.044,-1.567,-1.513,-0.033,0.216,1.157,16.264,17.955,20
2020-15주,7,4.74,2.008,2.392,2.153,3.767,3.818,3.826,8.078,18.291,20
2020-17주,16,26.656,-0.282,1.625,0.637,0.897,-1.112,-1.74,-2.421,0.846,2
2020-19주,10,6.385,0.612,4.592,5.278,8.041,10.605,13.703,19.234,22.979,20
2020-20주,10,10.463,0.268,1.143,4.573,6.807,6.92,11.544,15.665,20.693,20
2020-21주,16,7.945,-1.135,0.047,0.846,2.765,1.916,5.035,5.452,0.441,15
2020-22주,21,6.938,-1.23,-0.486,-0.1,4.871,4.285,3.59,0.83,1.668,5
2020-23주,27,9.73,-0.01,1.385,1.645,4.503,7.322,7.216,10.18,8.304,15
2020-24주,18,12.348,2.203,-0.179,-0.132,0.066,0.074,2.702,1.945,2.013,10
2020-25주,16,16.579,1.429,3.176,4.38,1.518,-0.472,-0.162,2.979,1.042,3
2020-26주,14,13.1,1.898,0.278,0.242,0.88,2.287,4.288,2.981,3.129,10
2020-27주,5,4.376,1.628,4.284,6.886,9.745,15.498,14.359,8.662,5.133,7
2020-28주,9,3.381,-0.683,0.051,0.019,-0.394,-0.348,1.219,3.801,3.259,15
2020-29주,13,2.412,-1.057,1.081,1.945,4.572,4.208,5.866,10.838,12.02,20
2020-30주,31,9.464,0.739,1.987,1.605,4.614,4.616,2.991,5.609,3.457,15
2020-31주,28,8.696,0.201,-0.506,-0.972,-0.259,0.391,0.183,-1.499,-1.862,7
2020-32주,25,7.413,1.324,2.887,2.912,1.993,0.857,-2.696,-2.873,-2.997,3
2020-33주,24,9.283,-0.361,-1.257,-1.914,-4.929,-5.008,-4.659,-4.633,-4.949,1
2020-34주,4,3.888,-0.021,-3.776,-5.531,-4.909,-4.763,-5.275,-5.933,-5.933,1
2020-35주,5,7.196,4.499,5.298,5.627,1.92,1.674,0.696,3.234,0.926,3
2020-36주,26,9.08,4.988,6.345,5.909,8.089,5.465,3.692,-0.943,-1.611,5
2020-37주,13,16.642,-3.52,-3.149,-3.456,-4.761,-5.591,-6.51,-6.51,-6.51,2
2020-38주,17,7.467,-1.29,-1.458,-2.013,-3.929,-5.507,-5.36,-4.975,-5.439,1
2020-39주,4,3.308,-6.133,-6.133,-6.133,-6.133,-6.133,-6.133,-6.133,-6.133,1
2020-42주,6,-1.862,0.018,-0.48,1.714,0.699,-3.112,-5.275,-5.909,-5.909,3
2020-43주,12,-1.726,-1.674,-3.088,-3.499,-5.044,-5.367,-6.156,-6.156,-6.156,1
2020-44주,6,-0.335,-2.256,-1.623,-1.976,0.552,0.732,-0.154,4.898,6.152,20
2020-45주,12,1.141,0.713,0.121,-0.136,-0.985,-1.776,0.888,2.789,4.91,20
2020-46주,19,0.286,-0.258,-0.518,-1.075,-0.282,-0.523,4.447,5.058,6.537,20
2020-47주,19,0.919,1.601,0.916,1.122,4.073,3.972,3.603,5.626,6.992,20
2020-48주,21,1.177,-1.941,-1.974,-0.828,-0.041,0.486,0.902,4.235,6.152,20
2020-49주,13,-0.149,-0.767,-0.304,-1.82,-0.243,0.288,-0.122,-1.92,-2.585,7
2020-50주,17,-1.249,-0.609,-0.052,0.299,3.27,4.758,4.099,10.155,11.508,20
2020-51주,25,2.623,0.007,-1.319,-1.54,-2.085,-0.487,1.775,5.354,7.653,20
2020-52주,11,5.144,1.37,3.546,5.959,9.624,14.001,21.614,24.741,31.289,20
2020-53주,8,3.989,3.547,4.443,4.269,6.111,7.108,9.566,17.315,12.735,15
2021-01주,43,4.845,-0.248,-0.359,0.841,-0.786,0.477,0.37,2.364,1.451,15
2021-02주,19,3.778,0.805,1.518,4.115,5.002,7.372,4.615,7.129,8.226,20
2021-03주,21,6.384,0.289,2.236,5.279,2.101,-1.066,1.869,3.686,2.23,3
2021-04주,7,10.523,-3.055,-5.86,-7.009,-7.009,-7.009,-7.009,-7.009,-7.009,1
2021-05주,13,2.648,1.4,-0.867,-1.582,-0.938,-2.961,-3.297,-5.32,-5.32,1
2021-07주,6,6.322,-1.463,-4.475,-3.168,-3.332,-3.891,-4.137,-5.269,-5.269,1
2021-08주,4,3.23,-1.227,-2.167,-0.795,1.505,0.852,-1.428,-0.758,-1.115,5
2021-09주,4,2.262,2.296,2.572,0.248,1.598,1.741,2.366,1.699,11.527,20
2021-10주,7,-3.17,0.731,1.539,3.306,3.056,1.498,0.084,-1.597,-1.366,3
2021-11주,6,-0.075,-0.116,-0.733,-1.841,-4.402,-2.837,-2.314,-1.265,-2.42,1
2021-12주,13,1.215,0.527,0.813,1.044,2.036,2.11,4.238,6.457,6.699,20
2021-13주,15,5.759,0.01,2.376,1.091,0.923,1.254,2.767,2.931,2.428,15
2021-14주,21,5.859,-0.052,0.152,1.84,2.432,3.01,3.433,3.339,0.116,10
2021-15주,22,4.039,0.36,1.573,3.144,4.636,3.578,2.308,-1.679,-1.541,5
2021-16주,17,5.244,-1.07,-0.498,-2.151,-2.393,-2.731,-3.019,-0.098,-2.182,15
2021-17주,18,3.349,-0.445,-0.672,-0.741,-0.086,1.432,2.483,-1.086,-5.971,10
2021-18주,6,-0.077,0.398,1.551,4.996,2.288,0.067,-1.98,1.199,16.199,20
2021-19주,14,-0.437,1.325,1.55,0.812,-1.051,-1.538,-0.501,0.386,1.483,2
2021-20주,7,-0.159,0.594,0.976,2.376,8.105,15.404,32.66,29.515,35.707,20
2021-21주,19,7.255,3.516,5.848,9.343,19.55,30.616,32.58,28.84,30.3,10
2021-22주,19,12.916,5.217,5.542,7.047,11.015,6.19,5.672,6.94,4.922,5
2021-23주,23,14.747,-2.601,-2.955,-3.308,-2.461,-1.572,-1.627,-0.007,0.541,20
2021-24주,8,-0.689,-2.456,-2.706,-2.852,-2.138,-2.826,-2.186,-2.699,0.427,20
2021-25주,9,0.776,0.011,0.327,-0.385,-0.214,0.305,0.179,1.259,3.189,20
2021-26주,7,7.479,-0.144,0.539,-1.829,-5.276,-4.683,-5.596,-6.069,-6.069,2
2021-27주,11,2.75,-2.054,-2.923,-3.861,-2.415,-2.131,-1.92,-0.791,-0.317,20
2021-28주,23,7.678,2.954,3.696,4.656,3.942,5.035,5.384,5.038,15.777,20
2021-29주,15,8.231,0.916,0.036,0.313,-0.036,-0.962,-1.158,1.8,0.088,15
2021-30주,6,9.627,-1.328,-1.473,-0.752,-3.319,-2.565,-2.492,-4.52,-4.52,3
2021-31주,5,0.542,-1.724,-4.585,-5.35,-5.6,-5.912,-5.787,-6.1,-6.1,1
2021-32주,17,7.195,-0.582,-0.567,-0.72,-3.407,-3.167,-3.168,-2.264,-3.973,2
2021-33주,4,0.14,-1.415,-1.367,-1.41,-1.366,0.05,0.791,0.801,-1.206,15
2021-34주,10,0.983,-0.547,-0.442,0.029,0.611,0.694,-0.81,-1.882,-1.98,7
2021-35주,12,2.639,-1.421,-1.952,-2.666,-3.493,-3.629,-3.977,-4.781,-3.916,1
2021-36주,7,1.87,2.733,4.73,5.968,5.56,6.996,4.086,4.459,4.033,7
2021-37주,14,5.621,-0.616,-0.577,-0.988,1.607,4.214,5.62,5.468,8.499,20
2021-39주,5,13.66,-0.729,1.468,0.722,0.338,-1.706,0.249,-1.048,-1.958,2
2021-41주,9,4.388,2.687,4.343,3.242,4.624,11.841,12.876,20.282,27.638,20
2021-42주,7,-0.34,1.941,2.898,3.242,3.887,5.244,13.948,14.107,13.488,15
2021-43주,9,1.89,-0.599,-2.357,-1.15,-0.106,-0.746,3.013,2.677,1.583,10
2021-44주,8,6.756,2.019,3.697,2.912,6.382,6.788,5.536,-0.132,-1.758,7
2021-45주,6,3.792,1.038,0.837,0.848,0.869,1.301,-1.969,-2.996,-2.996,7
2021-46주,21,6.716,1.212,0.829,0.793,1.81,1.707,0.811,4.866,5.054,20
2021-47주,11,15.777,-0.633,-2.246,-3.587,-2.923,-4.499,-2.544,-2.796,-2.333,1
2021-48주,3,18.86,-0.569,1.439,4.774,-2.229,-2.454,-1.994,0.026,-0.902,3
2021-49주,9,3.676,-1.098,-0.526,-0.698,-2.742,-2.31,-3.752,-2.04,-2.789,2
2021-50주,11,13.415,-0.581,-1.544,1.244,1.154,3.421,9.357,10.44,6.492,15
2021-51주,7,14.139,0.868,3.777,7.253,18.119,29.721,18.082,15.147,8.479,7
2021-52주,16,9.756,-0.358,0.031,1.013,-1.302,-1.748,-1.673,-3.472,-3.472,3
2022-01주,16,24.097,-2.754,-1.98,-1.912,-2.697,-3.866,-5.5,-6.367,-6.367,3
2022-02주,16,4.284,0.686,-1.146,-1.926,-0.057,-3.757,-6.068,-6.471,-6.471,1
2022-07주,4,1.15,-1.465,-0.95,-2.163,-0.867,5.437,2.323,7.033,4.747,15
2022-08주,10,6.671,1.844,6.859,7.75,5.077,1.903,1.599,-0.836,-1.259,3
2022-09주,19,12.475,-1.032,0.116,-0.893,-0.51,-0.152,-0.696,0.31,-0.517,15
2022-10주,7,12.401,-1.658,-1.747,-1.408,-0.316,-2.193,-3.019,-3.617,-3.751,5
2022-11주,18,12.831,-0.612,0.699,0.646,0.084,0.187,-0.014,-1.002,-1.538,2
2022-12주,15,8.283,0.29,-0.217,-0.757,-2.542,-2.163,-2.631,-3.782,-3.325,1
2022-13주,12,3.922,-0.834,-0.111,-0.071,-0.085,-1.864,-1.183,0.057,-1.119,15
2022-14주,11,4.969,-2.27,-2.822,-1.845,-2.844,-3.115,-2.3,-2.556,-2.875,3
2022-15주,14,-0.49,0.292,1.356,1.758,2.065,0.644,1.053,-0.767,-0.64,5
2022-16주,4,1.268,-0.911,0.216,-3.162,-2.398,-2.109,-2.527,-2.553,-3.779,2
2022-17주,9,4.057,1.221,0.983,1.587,0.932,-1.812,-1.672,-2.351,-2.399,3
2022-18주,10,9.42,0.928,-1.098,-1.602,-2.034,-0.733,-2.83,-1.429,-1.168,1
2022-20주,9,5.31,-1.306,-2.181,-2.515,-3.421,-3.444,-3.205,-3.409,-4.512,1
2022-21주,4,3.618,-1.725,-3.115,-3.072,-2.497,-1.763,-1.484,-3.016,-3.735,10
2022-22주,11,6.645,0.547,0.967,0.764,-1.968,-6.135,-5.935,-5.882,-5.882,2
2022-23주,9,5.827,-0.123,-1.876,-2.73,-6.621,-8.188,-8.071,-8.071,-8.071,1
2022-24주,5,9.548,-0.177,-1.546,-2.37,1.543,-1.175,-2.929,-1.361,-0.664,5
2022-25주,9,7.801,0.796,-0.219,1.023,0.04,0.879,-1.222,-1.538,-0.71,3
2022-26주,8,8.351,-1.365,-3.784,-3.792,-2.46,-5.424,-5.292,-5.219,-5.85,1
2022-27주,3,9.713,-1.44,-3.714,-4.053,-4.826,-5.932,-6.406,-6.406,-6.406,1
2022-28주,6,3.127,0.7,2.541,5.369,7.308,7.664,8.859,16.916,19.922,20
2022-29주,8,-0.286,0.53,1.09,4.476,8.028,7.721,9.534,18.069,18.22,20
2022-30주,19,1.364,0.515,0.692,0.916,2.287,4.803,7.829,6.869,11.635,20
2022-31주,21,8.341,1.128,1.799,1.996,2.551,1.743,1.817,0.187,-0.905,5
2022-32주,19,10.823,-0.381,0.165,0.347,0.247,-0.616,1.754,-0.796,-0.068,10
2022-33주,8,11.945,0.213,-1.895,-4.236,-2.833,-2.698,-3.248,-3.347,-4.822,1
2022-34주,10,13.865,-0.602,-0.442,-2.836,-5.387,-5.659,-5.521,-7.264,-7.264,2
2022-35주,7,8.267,-1.22,-2.931,-2.492,-2.88,-4.258,-5.814,-6.659,-6.659,1
2022-36주,10,5.855,-1.48,-0.561,0.985,-0.734,-2.707,-3.598,-4.68,-5.208,3
2022-37주,7,8.96,4.296,5.055,5.303,3.704,3.592,1.327,-2.408,-2.408,3
2022-38주,7,13.239,-1.362,-0.618,-2.151,-7.292,-8.151,-8.151,-8.151,-8.151,2
2022-39주,3,-2.637,-4.248,-4.706,-4.951,-5.115,-4.829,-3.887,-2.331,-2.003,20
2022-42주,4,7.877,-0.015,1.422,3.02,6.026,7.18,6.355,10.553,13.061,20
2022-43주,6,-0.458,1.409,0.546,3.504,4.195,5.14,5.882,6.479,7.041,20
2022-44주,11,1.217,-2.739,-1.532,0.148,1.871,4.333,4.54,7.769,11.571,20
2022-45주,12,0.91,-0.682,1.494,2.312,2.641,3.26,3.141,5.883,2.588,15
2022-46주,21,1.399,0.218,0.33,0.138,-0.371,-0.564,0.163,-2.488,-3.294,2
2022-47주,9,5.481,0.602,0.706,0.153,0.275,-0.404,-3.46,-4.041,-4.041,2
2022-48주,5,4.128,0.679,-0.168,-0.362,-4.472,-4.229,-4.229,-4.229,-4.229,1
2022-49주,5,5.046,-0.429,-0.041,-0.577,0.569,2.223,4.49,1.844,-1.165,10
2022-50주,7,4.394,0.193,-0.499,0.352,0.903,1.799,-1.403,-4.403,-4.403,7
2022-51주,3,6.057,0.171,1.218,3.4,-0.761,-6.26,-7.314,-7.314,-7.314,3
2022-52주,6,6.998,0.983,-1.244,-4.783,-5.962,-6.597,-6.597,-6.597,-6.597,1
2023-01주,13,7.992,0.67,2.799,4.296,4.883,7.386,15.342,27.422,27.46,20
2023-02주,13,7.438,0.252,0.29,-0.259,0.777,2.947,8.453,9.761,8.948,15
2023-03주,9,21.966,1.713,0.536,5.26,8.851,10.726,6.194,4.3,1.398,7
2023-08주,8,12.062,3.109,0.153,2.79,3.853,7.501,6.523,4.624,2.811,7
2023-09주,41,13.26,-0.125,-0.501,-0.575,-2.559,-2.721,-1.832,-0.98,-0.902,1
2023-10주,29,10.638,-0.953,-1.008,-2.108,-1.421,0.482,-0.33,0.375,2.375,20
2023-11주,31,17.631,2.697,2.014,1.895,6.505,8.549,7.277,8.296,11.045,20
2023-12주,15,22.875,3.199,6.944,7.604,8.616,7.238,6.875,9.929,6.009,15
2023-13주,18,12.73,1.277,3.049,3.808,2.679,2.575,2.702,2.835,2.488,3
2023-14주,25,9.172,1.223,1.397,1.551,2.127,2.401,0.933,-0.731,-0.052,7
2023-15주,39,8.713,1.566,2.648,3.581,2.566,1.215,0.195,0.189,-0.052,3
2023-16주,16,12.578,-1.052,-0.193,-0.857,-2.32,-3.314,-3.089,-4.244,-4.561,2
2023-17주,11,15.634,-2.621,-3.719,-5.215,-6.186,-6.504,-6.283,-6.327,-6.393,1
2023-20주,8,5.95,-1.896,-2.646,-0.586,0.257,-1.935,-2.065,1.88,5.967,20
2023-21주,12,3.467,-0.808,-1.228,-0.258,-1.465,-1.383,1.985,3.031,2.598,15
2023-22주,12,3.049,-0.392,-1.354,-1.337,-2.024,-1.932,-0.5,-1.228,2.034,20
2023-23주,10,0.626,-0.215,0.798,0.811,1.485,1.886,1.269,0.73,3.774,20
2023-24주,12,2.632,0.426,0.153,2.962,2.23,3.163,1.448,4.284,5.446,20
2023-25주,14,11.89,-1.486,-2.78,-3.27,-4.261,-4.794,-4.764,-3.961,-3.608,1
2023-26주,8,8.73,-1.774,0.23,0.888,0.244,0.919,-0.081,0.974,1.401,20
2023-27주,5,5.272,-1.508,-1.162,0.046,1.942,-1.271,3.317,17.09,6.621,15
2023-28주,19,10.143,2.567,3.975,3.225,1.984,7.408,12.069,11.445,8.749,10
2023-29주,20,4.107,-0.033,0.849,3.393,8.774,1.621,3.754,0.019,-1.385,5
2023-30주,25,16.338,-4.359,-5.251,-7.046,-7.389,-8.246,-8.191,-8.283,-8.495,1
2023-31주,27,7.627,-1.961,-2.87,-3.232,-1.168,-2.612,-4.097,-5.099,-5.431,5
2023-32주,10,13.981,-0.95,-2.854,-4.315,-3.581,-6.165,-7.199,-7.442,-7.442,1
2023-33주,3,8.957,0.724,-2.98,-5.324,-5.324,-5.324,-5.324,-5.324,-5.324,1
2023-35주,8,12.26,0.253,3.043,5.491,12.425,12.352,6.967,-0.516,-0.71,5
2023-36주,18,14.687,-0.209,-1.162,-0.267,-3.346,-5.188,-6.066,-6.542,-6.13,1
2023-37주,14,1.721,1.789,2.428,2.536,4.323,1.73,0.151,-1.391,-3.299,5
2023-38주,5,7.862,0.186,-2.125,-1.411,-0.984,-5.683,-5.683,-5.683,-5.683,1
2023-40주,3,11.15,-1.281,1.106,-0.412,0.736,0.558,-1.944,-2.847,-2.847,2
2023-41주,7,4.246,1.02,-1.295,-0.884,-2.583,-2.317,-4.015,-4.901,-4.901,1
2023-44주,5,-1.064,0.606,3.63,4.479,3.039,4.482,8.022,7.268,7.056,10
2023-45주,19,3.084,-4.389,-5.468,-6.522,-6.002,-4.689,-4.474,-5.174,-3.947,20
2023-46주,7,3.41,1.82,1.61,2.781,2.502,6.033,6.673,7.38,6.446,15
2023-47주,7,13.57,0.679,6.16,6.464,12.323,11.023,12.065,15.243,29.305,20
2023-48주,22,9.28,1.832,2.334,3.232,1.854,0.283,0.672,2.585,1.333,3
2023-49주,12,1.564,-0.122,0.479,-0.021,-0.683,-1.474,-0.473,0.691,1.55,20
2023-50주,13,5.332,-1.087,-0.938,-0.508,0.793,0.378,-0.713,-0.451,-1.402,5
2023-51주,11,2.786,2.115,2.182,2.268,1.149,-1.573,-1.59,-2.791,-3.39,3
2023-52주,13,7.498,0.438,0.167,-1.282,-2.244,-3.063,-0.53,-1.777,-2.908,1
2024-01주,13,3.382,0.448,-1.881,-1.999,-2.163,-1.555,0.329,-0.405,-1.663,1
2024-02주,8,8.929,1.1,3.487,2.069,2.15,-1.106,-1.072,7.085,11.175,20
2024-03주,13,3.092,-1.312,-1.758,-4.471,-4.889,-5.067,-5.653,-5.472,-4.781,1
2024-04주,7,6.603,-1.741,-1.059,-1.205,-2.049,-0.795,0.487,0.79,-0.336,15
2024-05주,32,4.236,1.562,1.535,3.638,4.434,5.272,8.067,8.409,7.435,15
2024-06주,7,-0.957,3.259,5.237,5.606,1.553,2.763,-0.184,-1.067,-0.762,3
2024-07주,10,-1.571,1.899,-0.373,-0.724,0.367,1.072,4.206,8.322,5.119,15
2024-08주,16,0.696,3.858,5.43,7.245,8.693,12.615,15.64,18.021,17.907,15
2024-09주,23,3.88,0.868,0.212,-0.677,1.48,1.335,1.341,1.428,4.051,20
2024-10주,22,12.526,1.932,3.352,2.512,2.292,3.471,5.529,8.452,12.379,20
2024-11주,23,10.849,0.726,1.624,2.481,4.042,4.48,5.173,5.369,9.146,20
2024-12주,15,11.497,0.241,1.032,2.126,2.903,3.797,4.084,3.787,0.918,10
2024-13주,8,9.165,0.141,3.487,3.002,3.35,1.984,3.095,4.309,2.16,15
2024-14주,14,10.03,-0.776,0.1,0.741,2.004,0.042,-0.679,-0.549,-1.653,5
2024-15주,11,9.055,-0.895,-3.886,-3.329,-4.047,-6.12,-5.224,-2.979,-3.258,1
2024-16주,6,15.697,-2.4,-2.039,-0.65,-1.963,-2.628,-3.034,-0.991,-2.056,3
2024-17주,8,13.014,1.039,-0.842,0.677,-1.505,-2.64,-3.23,-4.24,-4.24,1
2024-18주,13,10.511,-0.205,0.295,-0.522,-0.921,-1.799,-2.721,-4.139,-4.35,2
2024-19주,4,1.982,-0.54,-1.837,-0.764,-0.937,-5.385,-5.385,-5.385,-5.385,1
2024-20주,10,9.662,1.614,3.164,1.866,1.487,-0.09,0.036,-3.778,-3.778,2
2024-21주,5,15.114,-1.037,-3.782,-3.538,-3.377,-3.479,-4.152,-6.123,-6.123,1
2024-22주,12,7.982,-0.596,-0.546,-0.32,-2.266,0.258,-0.796,-0.49,-1.324,7
2024-23주,15,5.027,-1.152,-0.251,-1.112,-1.971,-3.053,-3.875,-3.489,-3.882,2
2024-24주,11,2.155,2.179,2.23,1.813,2.576,2.126,-1.239,-5.104,-5.199,5
2024-25주,13,2.751,0.444,1.425,2.421,-0.079,-1.081,-1.253,-0.614,-1.341,3
2024-26주,3,1.373,1.418,1.4,2.476,0.011,-2.82,-2.533,-0.093,1.917,3
2024-27주,14,0.518,0.798,2.308,2.794,1.187,2.134,-0.49,0.724,2.425,3
2024-28주,21,-1.713,-0.15,-2.0,-1.827,-4.373,-3.028,-4.728,-5.141,-5.45,1
2024-29주,8,3.116,-2.107,-0.05,-2.456,-3.493,-0.888,-1.146,-4.966,-4.966,2
2024-30주,13,9.688,-1.378,-2.716,-2.093,-2.988,-5.138,-5.543,-5.718,-5.954,1
2024-31주,6,12.495,-2.847,-4.151,-6.083,-8.484,-8.484,-8.484,-8.484,-8.484,1
2024-32주,6,19.382,2.258,3.029,3.386,9.721,9.715,9.428,8.573,4.1,5
2024-33주,5,11.632,0.973,2.592,3.152,5.623,5.256,15.33,8.971,5.56,10
2024-34주,6,1.84,4.06,4.634,9.645,13.066,15.196,10.04,8.728,16.112,20
2024-35주,11,7.233,-0.071,1.712,-0.79,-0.277,-1.331,-4.563,-4.123,-3.131,2
2024-36주,6,6.928,-3.724,-1.426,-3.121,-3.0,-1.473,-2.917,-2.676,-1.623,2
2024-37주,3,4.4,0.054,2.874,3.449,4.799,7.213,2.5,5.741,7.212,7
2024-38주,5,5.892,2.317,1.665,2.708,0.715,-1.07,-1.462,-1.141,-2.389,3
2024-39주,9,3.716,-0.336,0.607,0.822,1.021,1.243,-0.183,-2.013,-2.227,7
2024-40주,4,4.142,-0.461,1.279,1.553,1.56,4.338,5.411,4.144,3.15,10
2024-41주,13,10.48,1.085,0.077,0.252,0.494,2.06,0.546,-0.862,-2.556,7
2024-42주,13,10.671,1.124,0.561,-1.082,-1.737,-0.862,-2.24,-3.024,-3.071,1
2024-43주,8,4.888,-1.384,-1.947,-2.951,-2.568,-3.455,-4.76,-2.527,-3.156,1
2024-44주,7,4.624,-0.515,-0.045,0.555,1.083,2.044,3.676,-0.018,-1.771,10
2024-45주,17,5.578,0.79,0.602,0.207,0.189,0.441,-1.034,-3.653,-4.017,1
2024-46주,10,12.771,-0.353,-0.983,-0.668,-1.644,-3.289,-3.721,-5.123,-5.504,1
2024-47주,9,8.346,-1.49,0.904,1.487,1.249,-0.497,-4.151,-5.697,-5.697,3
2024-48주,6,11.733,-1.147,-2.149,-4.173,-4.156,-5.147,-5.147,-5.147,-5.147,1
2024-50주,5,-2.054,0.039,0.52,2.099,0.862,1.593,-0.066,9.016,11.407,20
2024-51주,4,1.61,-2.007,-2.246,-1.464,-0.769,-1.664,0.869,-1.257,-2.089,10
2024-52주,9,-0.164,0.81,2.422,13.922,14.411,16.738,18.479,29.731,24.407,15
2025-01주,13,18.95,2.393,2.119,0.468,0.909,2.339,4.788,8.24,21.83,20
2025-02주,22,18.526,-1.479,-0.795,-0.269,2.014,3.519,4.454,8.449,9.069,20
2025-03주,17,9.598,1.213,1.265,2.263,3.073,1.229,1.367,1.703,4.937,20
2025-04주,18,14.885,-1.915,-2.571,-3.345,-3.686,-3.626,-3.727,-2.02,-3.368,1
2025-06주,13,11.928,0.57,0.833,0.309,1.755,5.106,3.76,-0.062,-0.677,7
2025-07주,21,14.02,1.651,3.26,5.916,8.501,7.437,5.841,7.17,7.254,5
2025-08주,22,11.094,-0.987,-2.004,-1.441,-2.975,-4.711,-3.347,-1.468,-1.167,1
2025-09주,7,11.457,-0.152,-1.9,-3.032,-0.779,0.29,0.799,0.033,-1.238,10
2025-10주,8,15.11,-1.006,-2.587,-3.328,-2.781,-0.875,-2.461,-4.111,-4.111,7
2025-11주,6,2.792,1.17,0.171,2.375,-0.46,0.857,-2.08,-5.145,-5.145,3
2025-12주,9,5.293,-1.286,-3.74,-6.108,-5.636,-6.575,-7.453,-9.771,-9.771,1
2025-15주,9,1.01,1.46,4.544,6.242,9.036,9.092,13.165,12.361,10.619,10
2025-16주,4,-4.072,-4.08,-1.687,0.952,0.364,-0.472,-0.867,0.072,1.22,20
2025-17주,6,2.627,-3.596,-3.387,-3.918,-5.531,-5.924,-6.299,-6.299,-6.299,2
2025-18주,5,12.968,-1.543,-2.371,-0.025,1.415,-0.158,1.546,2.621,2.68,20
2025-19주,6,13.663,-2.044,-3.813,-2.227,5.302,7.247,6.965,9.622,13.975,20
2025-20주,17,7.899,1.858,3.858,2.946,3.762,3.908,5.111,10.051,13.766,20
2025-21주,3,11.347,-5.297,-3.568,-5.766,-5.239,-6.821,-6.821,-6.821,-6.821,2
2025-22주,13,3.502,1.012,1.391,3.526,8.548,8.525,9.509,10.338,11.267,20
2025-23주,8,5.994,3.067,5.098,5.945,5.57,6.375,8.136,8.092,5.51,10
2025-24주,24,7.548,0.072,1.556,2.58,6.809,8.35,7.275,4.124,5.104,7
2025-25주,16,0.991,8.519,5.777,5.533,6.821,4.605,3.261,4.559,5.892,1
2025-26주,25,6.94,-0.794,-1.88,-2.678,-4.003,-3.455,-2.992,-2.945,-2.92,1
2025-27주,12,0.674,0.399,-1.025,-0.528,0.856,2.784,3.448,6.898,6.074,15
2025-28주,11,-3.126,0.165,-0.614,-0.095,4.043,3.691,4.108,-0.008,-0.479,10
2025-29주,15,4.549,2.39,0.732,-1.403,0.38,0.704,0.132,-0.492,1.195,1
2025-30주,12,8.956,-0.633,-0.986,-0.024,3.086,0.32,2.564,5.004,3.146,15
2025-31주,15,4.79,-2.161,-3.972,-4.172,-4.843,-5.824,-6.384,-6.697,-6.43,1
2025-32주,11,6.658,1.683,1.675,2.36,4.601,3.794,1.271,0.2,-2.425,5
2025-33주,7,7.031,-3.024,-4.689,-5.155,-5.528,-5.706,-5.653,-6.794,-6.794,1
2025-34주,3,0.187,5.552,5.354,1.272,-1.282,2.361,0.287,1.825,15.965,20
2025-35주,15,4.183,1.244,0.851,-1.505,0.113,0.67,0.983,4.008,6.834,20
2025-36주,7,9.553,-1.063,-0.868,-1.325,-1.59,-1.097,3.743,11.648,6.643,15
2025-37주,18,-0.077,0.212,0.601,0.295,1.41,2.759,0.744,6.845,10.895,20
2025-38주,17,5.837,0.814,2.212,3.169,1.271,0.969,2.067,1.772,1.835,3
2025-39주,11,8.647,-1.728,-3.503,-4.943,-3.862,-2.17,0.231,0.228,0.777,20
2025-40주,8,9.935,-0.869,3.516,3.627,8.033,11.765,13.045,12.707,9.29,10
2025-41주,7,14.569,6.223,9.307,16.064,13.66,14.475,22.581,31.845,24.095,15
2025-42주,43,7.57,2.383,5.894,9.672,13.235,17.351,20.371,16.825,18.11,10
2025-43주,31,7.549,-0.148,1.538,3.229,5.997,5.746,4.154,2.939,2.153,5
2025-44주,28,3.276,0.359,0.36,0.712,-0.931,-1.183,1.383,3.445,3.48,20
2025-45주,14,11.759,-1.068,-2.76,-3.864,-4.659,-4.452,-4.795,-3.323,-3.08,1
2025-46주,18,9.394,2.032,2.118,0.811,0.339,-0.235,1.482,2.586,2.275,15
2025-47주,7,1.656,5.469,8.474,7.74,5.907,20.39,23.593,27.814,25.488,15
2025-48주,9,8.376,3.316,4.687,5.968,8.873,11.593,10.815,10.24,14.467,20
2025-49주,19,14.8,0.571,0.086,-0.772,0.91,0.172,-1.956,-3.468,-2.371,5
2025-50주,13,1.619,0.679,-1.304,-3.459,-4.278,-6.138,-6.247,-6.247,-6.247,1
2025-51주,6,10.325,-1.826,-1.904,-2.999,-3.95,-5.05,-4.116,6.644,4.926,15
2025-52주,9,3.882,-2.903,-4.241,-3.693,-4.502,-0.361,1.63,2.977,0.435,15
2026-01주,13,-0.349,-0.026,3.61,3.504,4.196,4.432,3.72,2.649,6.704,20
2026-02주,34,4.35,1.269,3.528,5.532,10.479,11.927,13.453,12.425,12.925,10
2026-03주,36,-0.335,3.053,8.508,11.135,15.766,15.993,14.422,12.583,11.614,7
2026-04주,37,2.055,-3.166,-1.609,-0.948,0.286,-0.872,-3.186,-2.671,-1.914,5
2026-05주,34,10.256,2.463,4.877,4.779,2.375,0.879,0.474,1.511,3.45,2
2026-06주,8,7.47,-1.578,-3.199,-0.096,-3.931,0.119,-0.588,-1.959,-1.615,7
2026-07주,7,2.084,-0.258,-1.965,-0.34,-1.101,3.867,0.256,-0.964,-1.242,7
2026-08주,3,-8.657,-3.605,-3.453,-4.275,-3.764,-3.764,-3.764,-3.764,-3.764,2
2026-09주,11,-2.087,1.646,-3.191,-4.686,-9.605,-8.542,-9.301,-9.404,-10.525,1
2026-10주,15,6.668,-10.139,-12.444,-12.001,-11.987,-11.949,-12.529,-12.751,-12.751,1
2026-11주,3,5.237,-2.143,-3.262,-4.242,-4.814,-4.487,-4.487,-4.487,-4.487,1
2026-13주,5,6.218,-0.661,-3.08,-0.675,-2.005,3.269,9.684,4.628,11.554,20
2026-14주,4,4.72,0.304,-0.02,5.082,4.223,4.502,3.915,18.387,28.718,20
2026-15주,8,-2.872,-1.677,-2.301,1.794,1.633,1.325,4.608,18.927,22.859,20
2026-16주,11,1.388,-2.092,-0.967,-0.529,3.282,6.951,13.294,18.49,9.425,15
2026-17주,23,4.065,3.761,4.884,5.425,10.291,13.558,16.076,12.911,10.735,10
2026-18주,20,4.242,-0.155,1.714,2.342,3.482,3.987,0.168,-6.271,-6.271,7
2026-19주,20,-8.69,2.153,-0.826,2.177,-2.554,-7.147,-5.937,-4.775,-6.321,3
2026-20주,21,-15.377,-4.031,-4.496,-7.172,-8.494,-8.494,-8.494,-8.494,-8.494,1
2026-21주,3,-10.887,0.622,-0.819,-4.622,-4.622,-4.622,-4.622,-4.622,-4.622,1
2026-22주,6,-20.933,3.096,-0.452,-1.1,-2.131,-6.535,-5.313,-7.259,-7.259,1
2026-23주,8,-14.146,-10.822,-11.889,-12.315,-14.601,-14.601,-14.601,-14.601,-14.601,1
2026-24주,11,6.918,2.87,-1.084,-4.984,-5.406,-5.767,-8.471,-8.471,-8.471,1
2026-25주,9,-11.321,-5.606,-8.268,-8.96,-9.56,-9.56,-9.56,-9.56,-9.56,1
2026-27주,6,-2.965,-2.364,-5.94,-7.503,-10.105,-10.105,-10.105,-10.105,-10.105,1
2026-28주,4,-1.568,-4.683,-5.357,-4.712,-4.712,-4.712,-4.712,-4.712,-4.712,1
2026-30주,5,9.468,-6.057,-7.748,-8.695,-8.695,-9.349,-9.349,-9.349,-9.349,1
